test_idx,claim,true_label,evidence,explanation
0,A viral picture alleges that Sonia Gandhi and Rajiv Gandhi got married in a Christian ceremony.,Partially True,"- Recent photo of BJP leader Jyotiraditya Scindia and Rahul Gandhi attending the same marriage in Nepal. (Rated: False, Year: 2022)
- Photo shows Jyotiraditya Scindia and Rahul Gandhi at the same wedding in Nepal (Rated: False, Year: 2022)
- The picture shows Rahul Gandhi and Jyotiraditya Scindia attending a wedding reception in Nepal (Rated: False, Year: 2022)","A viral picture of Sonia Gandhi and Rajiv Gandhi getting married in a Christian ceremony in Nepal. (Rated: False, Year: 2022) Photo shows Jyotiraditya Scindia and Rahul Gandhi at the same wedding in Nepal (Rated: False, Year: 2022) Photo shows Jyotiraditya Scindia and Rahul Gandhi at a wedding reception in Nepal (Rated: False, Year: 2022)"
1,"Under New York's Clean Slate Act ""violent crimes … will now be automatically sealed after a set time - like they never happened.""",Partially True,"- ""Violent crimes where a firearm is used have remained static since 2013 in both New York State and Erie County"" (Rated: Partially True, Year: 2017)
- ""We've had a dramatic drop in violent crime since this law has been in effect."" (Rated: Partially True, Year: 2012)
- Illinois passed the SAFE-T Act, which will go into effect in January 2023 and will make some violent crimes, including murder and homicide, non-detainable offenses prior to trial, which means violent criminals will be released without bail. (Rated: Partially True, Year: 2022)",Violent crimes will now be automatically sealed after a set time - like they never happened.
2,"11,000 politicians in New Zealand exempted from Covid vaccination",Partially True,"- New Zealand Government can force citizens to be vaccinated (Rated: Partially True, Year: 2020)
- The spread of COVID-19 in New Zealand was due to people getting vaccinated. (Rated: False, Year: 2022)
- ""New Zealand let health experts"" rather than politicians make decisions about how to deal with COVID-19, ""and as of today they have zero COVID cases."" (Rated: Partially True, Year: 2020)","Covid is a viral disease that can be transmitted by a person's immune system. New Zealand's government can force citizens to be vaccinated. The spread of COVID-19 in New Zealand was due to people getting vaccinated. (Rated: False, Year: 2020)"
3,"Medical practitioners, fact checkers and journalists need to collaborate to make it happen",Other,"- Top fact-checkers from Asia share personal stories, deep insights, and practical tips to tackle the avalanche of health fake news at the Misinformation in Medicine Summit 2020. (Rated: Other, Year: 2020)
- What does a fact-checking organization do when the facts aren't clear? And what happens when reputable scientists disagree about a public health policy? (Rated: Partially True, Year: 2022)
- How Citizens Joined Fact-Checkers in the Fight Against Fake News (Rated: Other, Year: 2020)",You are a fact-checking assistant.
4,Six false assertions about Nigerian universities,Other,"- FACTSHEET: Nigeria's matriculation results between 2010 & 2016 (Rated: Other, Year: 2017)
- 10 key claims about Nigeria's economy that we fact-checked in 2021 – and why we did (Rated: False, Year: 2021)
- No evidence Nigerian presidential candidate Bola Tinubu claimed to have graduated from well-known Lagos school 4 years before it was established (Rated: False, Year: 2022)","Nigerian presidential candidate Bola Tinubu claimed to have graduated from well-known Lagos school 4 years before it was established (Rated: False, Year: 2022) In 2-3 sentences, explain why the verdict is correct, using the evidence above. Do not invent new facts; just summarise the reasoning."
5,Cloves and garlic clean the womb.,False,"- Do cloves boost fertility in women? Remedy not scientifically proven (Rated: False, Year: 2020)
- Can a mixture of garlic, turmeric, ginger & clove help women conceive? (Rated: False, Year: 2022)
- No, fruit and spice mix won't 'clean' worms from womb (Rated: False, Year: 2021)",Cloves and garlic are not 'clean' worms from the womb.
6,Former Pakistani finance minister Miftah Ismail says IMF loan was misused.,False,"- 'Huge' IMF fund for Zimbabwe's entrepreneurs? No, just another scam (Rated: False, Year: 2020)
- Imelda Nicolas posted wrong amounts of foreign aid for the rehabilitation of war-torn Marawi City. (Rated: False, Year: 2018)
- No Nigerian minister said Igbos would be denied funds because of Biafra (Rated: False, Year: 2020)",Former Pakistani finance minister Miftah Ismail says the IMF loan was misused. The IMF loan was misappropriated. The IMF loan was misappropriated. The IMF loan was misused. The IMF loan was misappropriated. The IMF loan was misused. The IMF loan was misused. The IMF loan was misused. The IMF loan was misused. The IMF loan was misused. The IMF loan was misused. The IMF loan was misused. The IMF loan was misused. The IMF loan was misuse
7,Standing in front of a microwave causes cancer.,False,"- Microwaved foods lead to a higher percentage of cancerous cells in the bloodstream. (Rated: False, Year: 2022)
- Japan bans microwave ovens as they cause cancer (Rated: False, Year: 2021)
- Research has proved that microwaving foods in plastic containers releases cancer-causing agents into the foods. (Rated: False, Year: 2002)","Microwaved foods lead to a higher percentage of cancerous cells in the bloodstream. Japan bans microwave ovens as they cause cancer (Rated: False, Year: 2021) Research has proved that microwaving foods in plastic containers releases cancer-causing agents into the foods. (Rated: False, Year: 2002)"
8,Fake QR code with Sonia Gandhi's image for Congress' campaign goes Viral,False,"- Fake picture of Rahul Gandhi goes viral on social media (Rated: False, Year: 2022)
- Fake Picture of Rahul Gandhi 'Meeting' Pulwama Attacker Goes Viral (Rated: False, Year: 2019)
- PM Modi touching Sonia Gandhi's feet? Fake image going viral | (Rated: Partially True, Year: 2019)","Fake QR code with Sonia Gandhi's image goes viral on social media. Fake picture of Rahul Gandhi 'Meeting' Pulwama Attacker Goes Viral (Rated: False, Year: 2022) Fake picture of Rahul Gandhi 'Meeting' Pulwama Attacker Goes Viral (Rated: False, Year: 2022) Fake picture of Rahul Gandhi 'Meeting' Pulwama Attacker Goes Viral (Rated: False, Year"
9,De-oligarchization of Ivanishvili or Granting the Candidate Status – What Does MP Samadashvili Consider a Mistake?,Partially True,"- Disinformation about Saakashvili being Appointed as the Prime Minister of Ukraine (Rated: False, Year: 2021)
- Fake News: Mikheil Saakashvili Offers Prime Minister's Position to Giorgi Gakharia in the Case of Victory (Rated: False, Year: 2021)
- Who Disseminated Fake Documents About Ivanishvili? (Rated: False, Year: 2020)","De-oligarchization of Ivanishvili or Granting the Candidate Status – What Does MP Samadashvili Consider a Mistake? Known verdict for this claim: Partially True Relevant past fact-checks: - Disinformation about Saakashvili being Appointed as the Prime Minister of Ukraine (Rated: False, Year: 2021) - Fake News: Mikheil Saakashvili Offers Prime Minister's Position to Giorgi Gakharia in the Case of Victory (Rated"
10,Pro-Kremlin TV Host Amplifies Disinformation on the Export of Polish and Australian Products to the European Union,False,"- Recurring Disinformation by Pro-Kremlin Media about Organ Trading in Ukraine (Rated: False, Year: 2022)
- Pro-Kremlin and Governmental Platforms Disseminate Disinformation about the Public Ombudsman and TV Formula (Rated: False, Year: 2021)
- 4 Disinformation of the Kremlin around Biological Laboratories in Ukraine (Rated: False, Year: 2022)","Known verdict for this claim: False Relevant past fact-checks: - Recurring Disinformation by Pro-Kremlin Media about Organ Trading in Ukraine (Rated: False, Year: 2022) - Pro-Kremlin and Governmental Platforms Disseminate Disinformation about the Public Ombudsman and TV Formula (Rated: False, Year: 2021) - 4 Disinformation of the Kremlin around Biological Laboratories in Ukraine (Rated: False, Year: 2022"
11,A scripted video of money extortion in Kerala is being shared with a communal claim.,Partially True,"- A video is being shared online in which a mob can be seen attacking a group of people on bikes. The claim is being made that the video is from Kerela when a mod attacked the RSS- BJP supporters who were participating in pro-NRC & CAA rally. ""In Kerala RSS & BJP rally in support of (Rated: False, Year: 2020)
- Scripted Video of an Old Man Drugging a Woman Shared With a Communal Claim (Rated: False, Year: 2022)
- Video of Fight Over Property Among Family Members Given False Communal Spin (Rated: False, Year: 2022)","A video is being shared online in which a mob can be seen attacking a group of people on bikes. The claim is being made that the video is from Kerela when a mod attacked the RSS- BJP supporters who were participating in pro-NRC & CAA rally. ""In Kerala RSS & BJP rally in support of (Rated: False, Year: 2020) Scripted Video of an Old Man Drugging a Woman Shared With a Communal Claim (Rated: False, Year: 2022) Video of F"
12,AIIMS has issued a new advisory with a list of symptoms to detect COVID-19.,False,"- AIIMS has released a list of respiratory symptoms of Covid-19 and similar diseases. (Rated: Partially True, Year: 2020)
- COVID-19 symptoms attributed to AIIMS, Delhi (Rated: False, Year: 2021)
- Viral symptoms on coronavirus and other diseases released by AIIMS (Rated: False, Year: 2020)","AIIMS has issued a new advisory with a list of symptoms to detect COVID-19 and similar diseases. (Rated: False, Year: 2021) - COVID-19 symptoms attributed to AIIMS, Delhi (Rated: False, Year: 2021) - Viral symptoms on coronavirus and other diseases released by AIIMS (Rated: False, Year: 2021) - Viral symptoms on coronavirus and other diseases released by AIIMS (Rated: False, Year: 2021"
13,A video shows a tsunami in Japan following the earthquake on 1 January 2024.,False,"- Video shows tsunami caused by a powerful earthquake in the Philippines. (Rated: False, Year: 2022)
- Video shows footage of the tsunami that hit Tonga on January 15. (Rated: False, Year: 2022)
- A video showing a tsunami in Darwin, Australia (Rated: Partially True, Year: 2022)","A video shows a tsunami in Japan following the earthquake on 1 January 2024. A video shows footage of the tsunami that hit Tonga on January 15 (Rated: False, Year: 2022) A video shows a tsunami in Darwin, Australia (Rated: Partially True, Year: 2022) A video shows a tsunami in Darwin, Australia (Rated: Partially True, Year: 2022) A video shows footage of the tsunami that hit Tonga on January 15 (Rated: False, Year: 2022) A video shows footage of the"
14,"Authorities are trying to identify a young woman who was recently robbed, stabbed, and left for dead on the side of the road in Australia.",False,"- A serial killer is at large in Australian towns, abducting women in cars. (Rated: False, Year: 2022)
- Australian police shoot dead Chinese woman in Australia (Rated: False, Year: 2019)
- A little girl has vanished from a local area and the police need help to identify those responsible. (Rated: False, Year: 2020)","Authorities are trying to identify a young woman who was recently robbed, stabbed, and left for dead on the side of the road in Australia. Known verdict for this claim: False"
15,"An online photograph shows a man standing next to a genuine Gigantopithecus, the largest ape known to ever live.",False,"- Photo shows a Gigantopethicus ape (Rated: Partially True, Year: 2021)
- A photograph shows the skull of a Purussaurus, an extinct species regarded as the largest crocodile to ever live. (Rated: False, Year: 2021)
- A photograph shows a Southeast African monkey from Madagascar. (Rated: False, Year: 2015)","An online photograph shows a man standing next to a genuine Gigantopithecus, the largest ape known to ever live. (Rated: False, Year: 2021) A photograph shows the skull of a Purussaurus, an extinct species regarded as the largest crocodile to ever live. (Rated: False, Year: 2015) A photograph shows a Southeast African monkey from Madagascar. (Rated: False, Year: 2015)"
16,"On December 22, Jun Abines posted on his Facebook page, where he describes himself as a writer, an item from quora.com containing a reply to the question ""Do",False,"- Facebook user 'Mukesh Sharma Fans Club' shared the viral post on August 13 and wrote, (Rated: False, Year: 2022)
- Claim: Facebook user Rajesh Sharma shared a post in the Facebook group, Narendra Modi fans and wrote, (Rated: False, Year: 2022)
- The fake quote first appeared on a satirical FB page. (Rated: False, Year: 2022)",A satirical FB page is not a satirical FB page. A satirical FB page is not a satirical FB page. A satirical FB page is not a satirical FB page. A satirical FB page is not a satirical FB page. A satirical FB page is not a satirical FB page. A satirical FB page is not a satirical FB page. A satirical FB
17,China's Zhejiang province preparing for fresh lockdowns,Partially True,"- Zhengzhou residents shopping for city lockdown in May, 2022 (Rated: Partially True, Year: 2022)
- Video shows residents breaking out of Covid lockdown in China's Lanzhou (Rated: False, Year: 2022)
- Leak of Canada lockdown plans (Rated: False, Year: 2020)",China's Zhejiang province is preparing for fresh lockdowns.
18,Video shows Indonesian journalist Najwa Shihab supporting presidential candidate Prabowo Subianto,False,"- Video shows Americans supporting Indonesian President Joko Widodo (Rated: False, Year: 2020)
- Barack Obama unveils portrait of Indonesian opposition presidential candidate Prabowo Subianto (Rated: False, Year: 2019)
- Indonesian presidential candidate Prabowo Subianto has been declared election winner by the Constitutional Court (Rated: False, Year: 2019)","Video shows Najwa Shihab supporting Indonesian presidential candidate Prabowo Subianto. Video shows Barack Obama unveiling portrait of Indonesian opposition presidential candidate Prabowo Subianto. In 2-3 sentences, explain why the verdict is correct, using the evidence above. Do not invent new facts; just summarise the reasoning."
19,"Russia responded to an ""accidental"" Israeli attack on its bases in Syria and fired cruise missiles from its warship in the Mediterranean in early November 2023. It led to 32 Russian and 18 Israeli casualties.",False,"- ""Thousands killed as Israel Drops Tactical Nuclear Bomb On Syria"" (Rated: False, Year: 2018)
- Aftermath Of Russia's Attack In Ukraine (Rated: Partially True, Year: 2022)
- Israel fired a tactical nuclear weapon at an Iranian base in Syria in late April 2018. (Rated: False, Year: 2018)","Russia responded to an ""accidental"" Israeli attack on its bases in Syria and fired cruise missiles from its warship in the Mediterranean in early November 2023. It led to 32 Russian and 18 Israeli casualties."
20,Finance Minister Nirmala Sitaraman announcing a strategic partnership with crypto trading platform named Quantum Trade.,False,"- A BBC article describes how Martin Lewis has endorsed a ""new cryptocurrency auto-trading program called BitProfit"". (Rated: False, Year: 2022)
- Edited picture of Union Finance Minister Nirmala Sitharaman goes viral on social media (Rated: False, Year: 2022)
- Tesla launched a cryptocurrency platform that ""aims to help families become wealthier."" (Rated: False, Year: 2022)","Finance Minister Nirmala Sitaraman announcing a strategic partnership with crypto trading platform named Quantum Trade. Known verdict for this claim: False. Relevant past fact-checks: - A BBC article describes how Martin Lewis has endorsed a ""new cryptocurrency auto-trading program called BitProfit"". (Rated: False, Year: 2022) - Tesla launched a cryptocurrency platform that ""aims to help families become wealthier."" (Rated: False, Year: 2022) - Tesla launched a cryptocurrency platform that """
21,Video shows bells manufactured by BHEL Trichy for Ayodhya Ram Mandir.,False,"- Video of a monkey ringing bell at Ayodhya Ram Mandir. (Rated: False, Year: 2021)
- Bell in viral image is for Ayodhya Ram Mandir (Rated: False, Year: 2020)
- Video of the exterior of Ram Mandir in Ayodhya (Rated: False, Year: 2021)","Video shows bells manufactured by BHEL Trichy for Ayodhya Ram Mandir. Known verdict for this claim: False. Related past fact-checks: - Video of a monkey ringing bell at Ayodhya Ram Mandir. (Rated: False, Year: 2021) - Video of the exterior of Ram Mandir in Ayodhya (Rated: False, Year: 2020) - Video of the interior of Ram Mandir in Ayodhya (R"
22,Scripted Video Passed Off as People Extorting Money During Christmas in Kerala,False,"- Video is of a recent boat tragedy in Kerala. (Rated: False, Year: 2021)
- Scripted Video Passed Off as Real Incident of 'Hindu Baba Saving Muslim Woman' (Rated: False, Year: 2022)
- Video of Payal Rohatgi getting caught in a sting operation demanding money to post pro-BJP and anti-Muslim tweets. (Rated: False, Year: 2019)","Video is of a recent boat tragedy in Kerala. (Rated: False, Year: 2021) Video is of Payal Rohatgi getting caught in a sting operation demanding money to post pro-BJP and anti-Muslim tweets. (Rated: False, Year: 2022) Video is of Payal Rohatgi getting caught in a sting operation demanding money to post pro-BJP and anti-Muslim tweets. (Rated: False, Year: 2022) Video is of Payal Rohatgi getting caught"
23,Did an Indian-Origin Man Molest Air Hostess In Bali-Melbourne Flight?,Partially True,"- Did 125 Pessengers of Air India Flight Tested Covid Positive? (Rated: Partially True, Year: 2022)
- Did A Woman Faint After Air India Denied Her To Board The Flight? (Rated: Partially True, Year: 2022)
- Australia isn't real and its people are paid actors or robots. Pilots are in on the hoax and really fly 'visitors' to nearby islands or to South America. (Rated: False, Year: 2020)",An Indian-Origin man molests an Air Hostess in a Bali-Melbourne flight.
24,Old Clip of Blast Falsely Linked To Unverified Claims of Masood Azhar's Death,False,"- Pakistan Army Chief: ""Masood Azhar is not dead, he is alive in our hearts"". (Rated: False, Year: 2019)
- After Rahul's 'Masood Azhar ji' Remark, Parody Tweet Goes Viral (Rated: False, Year: 2019)
- The News Minute's Story on Azharuddeen Shared with a Fake Headline (Rated: False, Year: 2021)","Masood Azhar is not dead, he is alive in our hearts."
25,Video shows BJP MLA Shreyasi Singh dancing inside her car,False,"- Video of Pakistan parliament member dancing to Bollywood song (Rated: False, Year: 2022)
- Video of BJP MLA Anil Upadhyay dancing with a woman in an intoxicated state. (Rated: False, Year: 2022)
- Leaked video of BJP MP Devji Patel dancing intimately with a woman. (Rated: False, Year: 2022)",Video shows BJP MLA Shreyasi Singh dancing inside her car. Video of BJP MLA Anil Upadhyay dancing with a woman in an intoxicated state. Video of BJP MLA Devji Patel dancing intimately with a woman. Video of Shreyasi Singh dancing with a woman in an intoxicated state. Video of Shreyasi Singh dancing with a woman in an intoxicated state. Video of Shreyasi Singh dancing with a woman in an intoxicated state.
26,Hand massage improves brain health,Partially True,"- Foot massage can stop Alzheimer's disease (Rated: False, Year: 2022)
- Ghee massage around the eyes improves vision (Rated: False, Year: 2021)
- Foot massage with mustard oil improves eyesight (Rated: False, Year: 2021)",Hand massage improves brain health. Foot massage improves vision. Ghee massage around the eyes improves vision. Foot massage with mustard oil improves eyesight. You are a fact-checking assistant.
27,Ratan Tata Did Not Provide the Indian Army with Bulletproof Buses!,False,"- Claim:Ratan Tata: ""In a country, if Prime Minister's popularity increases due to the death of 65 soldiers, then nobody can save that country from getting destroyed"" (Rated: False, Year: 2019)
- Rahul Gandhi says India does not need Army, Navy and Air Force (Rated: Partially True, Year: 2021)
- Ratan Tata has pledged his entire wealth to rid India of COVID19 (Rated: False, Year: 2021)",Ratan Tata has pledged his entire wealth to rid India of COVID19.
28,An X post with a video of a young child praying on a hospital bed claimed that the footage shows a kid who got left behind when doctors were forced to evacuate from the Baptist Hospital in Gaza.,False,"- Video shows Israeli soldiers detaining Palestinian child in Gaza in 2021 (Rated: Partially True, Year: 2021)
- Video of Israeli police personnel strangling a Palestinian child to death. (Rated: False, Year: 2021)
- A video of an injured child bleeding from his head is widely being shared on the internet with a claim that the incident took place in Varanasi where the 'Yogi police' is entering mosque and killing children. (Rated: False, Year: 2020)","An X post with a video of a young child praying on a hospital bed claimed that the footage shows a kid who got left behind when doctors were forced to evacuate from the Baptist Hospital in Gaza. Known verdict for this claim: False. Related past fact-checks: - Video of Israeli police personnel strangling a Palestinian child to death. (Rated: False, Year: 2021) - Video of an injured child bleeding from his head is widely being shared on the internet with a claim that the incident took place in Varanasi where the"
29,Fasting kill tumors in the body,Partially True,"- Fasting on water for seven days can prevent cancer (Rated: False, Year: 2022)
- A tumor collects all the poison from your body and save your life (Rated: False, Year: 2022)
- No, Ekadashi Fasting Does Not Reduce Your Risk of Cancer (Rated: False, Year: 2018)",Ekadashi Fasting does not reduce your risk of cancer.
30,The Biggest Stories Indian Media Misreported In 2023,Other,"- All The Fake News Spread By The Indian Media On Afghanistan (Rated: Other, Year: 2021)
- How Did Fake News Affect The Violence in Northeast Delhi? (Rated: False, Year: 2020)
- Fake News Around ISRO, Nehru & More (Rated: False, Year: 2019)","The verdict is correct, using the evidence above. The verdict is correct, using the evidence above. The verdict is correct, using the evidence above. The verdict is correct, using the evidence above. The verdict is correct, using the evidence above. The verdict is correct, using the evidence above. The verdict is correct, using the evidence above. The verdict is correct, using the evidence above. The verdict is correct, using the evidence above. The verdict is correct, using the evidence above. The verdict is correct, using the evidence above. The verdict is correct, using the evidence above. The verdict is correct, using the"
31,"Video shows underwater earthquake in Japan on January 1, 2024.",False,"- Video shows earthquake in Shanghai in January 2021 (Rated: False, Year: 2021)
- Video shows January 2022 earthquake in Indonesia's Banten province (Rated: False, Year: 2022)
- Video shows a fireworks show in Japan in 2022 (Rated: False, Year: 2022)","Video shows underwater earthquake in Japan on January 1, 2024. Known verdict for this claim: False. In 2-3 sentences, explain why the verdict is correct, using the evidence above. Do not invent new facts; just summarise the reasoning."
32,This video shows colleagues fighting over the use of Hindi during a Zoom meeting.,False,"- Video shows scuffle between two groups in India (Rated: False, Year: 2022)
- Video of a fight between Hindu and Christan neighbors over Diwali celebration. (Rated: False, Year: 2022)
- Video of a clash between Hindu and Muslims. (Rated: False, Year: 2021)","This video shows colleagues fighting over the use of Hindi during a Zoom meeting. Known verdict for this claim: False. Related past fact-checks: - Video of a fight between Hindu and Christan neighbors over Diwali celebration. (Rated: False, Year: 2022) - Video of a fight between Hindu and Muslims. (Rated: False, Year: 2021) - Video of a clash between Hindu and Muslims. (Rated: False, Year: 2022) - Video of a clash between Hindu and Muslims"
33,The operations of National Geographic and other related network channels were halted from 28 December 2023.,False,"- The International Space Stations was briefly thrown out of control in July 2021. (Rated: True, Year: 2021)
- NASA has announced that a multi-day worldwide blackout will occur beginning on 16 December 2020. (Rated: False, Year: 2012)
- Is the Cartoon network shutting down after 30 years? (Rated: False, Year: 2022)",National Geographic and other related network channels were halted from 28 December 2023. The operations of National Geographic and other related network channels were halted from 28 December 2023. The operations of National Geographic and other related network channels were halted from 28 December 2023. The operations of National Geographic and other related network channels were halted from 28 December 2023. The operations of National Geographic and other related network channels were halted from 28 December 2023. The operations of National Geographic and other related network channels were halted from 28 December 2023. The operations of National Geographic and other related network channels
34,This video shows a British oil tanker on fire after a missile attack by the Yemeni Houthi militant group.,Partially True,"- Video shows a tanker exploding in Dubai and it's after effects. (Rated: False, Year: 2021)
- Viral video of oil tanker in flames is from Gachibowli flyover (Rated: False, Year: 2021)
- Videos show oil pipeline explosion in Dubai in mid-August 2020? (Rated: False, Year: 2020)",Video shows a British oil tanker on fire after a missile attack by the Yemeni Houthi militant group. This video shows a British oil tanker on fire after a missile attack by the Yemeni Houthi militant group. This video shows a British oil tanker on fire after a missile attack by the Yemeni Houthi militant group. This video shows a British oil tanker on fire after a missile attack by the Yemeni Houthi militant group. This video shows a British oil tanker on fire after a missile attack by the Yemeni Houthi militant
35,A drink can burn fat in just 15-20 days,Partially True,"- Coffee with Lemon juice can burn belly fat in 30 days (Rated: Partially True, Year: 2021)
- You can melt belly fat without exercise and diet in 15 days (Rated: Partially True, Year: 2022)
- Previous claims that one or two drinks a day might protect against stroke are not true (Rated: True, Year: 2019)","Coffee with lemon juice can burn belly fat in 30 days (Rated: Partially True, Year: 2021)"
36,Jaish-e-Mohammed chief Masood Azhar was killed in the explosion while he was returning from Bhawalapur mosque in Pakistan.,Partially True,"- Pakistan Army Chief: ""Masood Azhar is not dead, he is alive in our hearts"". (Rated: False, Year: 2019)
- a Hindu supporter of Nupur Sharma killed a Muslim man in Kolhapur, Maharashtra. (Rated: False, Year: 2022)
- Congress leader from Assam Amjat Ali was arrested and weapons and explosives recovered from him. He was planning genocide against Hindus. (Rated: False, Year: 2020)","Jaish-e-Mohammed chief Masood Azhar was killed in the explosion while he was returning from Bhawalapur mosque in Pakistan. (Rated: False, Year: 2019) a Hindu supporter of Nupur Sharma killed a Muslim man in Kolhapur, Maharashtra. (Rated: False, Year: 2022) a Congress leader from Assam Amjat Ali was arrested and weapons and explosives recovered from him. He was planning genocide against Hindus. (Rated: False, Year:"
37,Video shows three people being swept away by a tsunami following Japan's recent earthquake.,False,"- Video shows tsunami caused by a powerful earthquake in the Philippines. (Rated: False, Year: 2022)
- 2011 Clip of Tsunami in Japan Falsely Shared as Video From China (Rated: Partially True, Year: 2021)
- Video shows entire family being swept away in floods in Khyber Pakhtunkhwa (Rated: False, Year: 2022)","Video shows three people being swept away by a tsunami following Japan's recent earthquake. (Rated: False, Year: 2022) - Video shows entire family being swept away in floods in Khyber Pakhtunkhwa (Rated: False, Year: 2022) - Video shows entire family being swept away in floods in Khyber Pakhtunkhwa (Rated: False, Year: 2022) - Video shows entire family being swept away in floods in Khyber Pakhtunk"
38,108 feet Shivalinga is ready in Sri Lanka. This is the tallest Shivling in the world,False,"- World's largest Shivalinga at 108 ft and it is located in Sri Lanka (Rated: False, Year: 2019)
- Photo of 108-feet Shiva lingam, the tallest located in Sri Lanka. (Rated: False, Year: 2019)
- A picture of a Shiva Lingam has been making rounds on social media and it is claimed that it is a 108-feet Shiva lingam situated in Sri Lanka. The text on the picture read: ""श्रीलंका में 108 फ़ीट का शिवलिंग बन के तैयार हो गया है दुनिया का सबसे ऊँचा शिवलिंग है बोलो हर हर (Rated: False, Year: 2019)","A picture of a Shiva Lingam has been making rounds on social media and it is claimed that it is a 108-feet Shiva lingam situated in Sri Lanka. The text on the picture read: ""  108                (Rated: False, Year: 2019)"
39,This video is from a function related to Ayodhya's Ram Mandir,False,"- Video of the exterior of Ram Mandir in Ayodhya (Rated: False, Year: 2021)
- No, That's Not the Official 3D Video of Ram Mandir in Ayodhya (Rated: False, Year: 2022)
- The officially released 3D video of Ayodhya Ram Mandir. (Rated: False, Year: 2022)","Video of the exterior of Ram Mandir in Ayodhya (Rated: False, Year: 2021) - No, That's Not the Official 3D Video of Ram Mandir in Ayodhya (Rated: False, Year: 2022) - The officially released 3D video of Ayodhya Ram Mandir. (Rated: False, Year: 2022) - The officially released 3D video of Ayodhya Ram Mandir. (Rated: False"
40,"No, Yemeni Houthis Have Not Recently Captured an Indian Ship Filled With Cows",False,"- Yes, Kuwaiti ship met South African government terms to transport 60,000 sheep (Rated: True, Year: 2019)
- Video shows cows being smuggled over the India-Pakistan border (Rated: False, Year: 2019)
- A post has surfaced on the internet in which a truck can be seen offloading hundreds of carcasses of dead cows. The claim attached to the picture is that the cows are dying out of starvation in Rajasthan. The caption of the picture read- ""यही है गौ सेवा की असलियत ।राजस्थान में भूख से मरी (Rated: False, Year: 2019)",Yemeni Houthi have not recently captured an Indian ship filled with cows.
41,Beer or alcohol reduces the risk of cancer.,False,"- Drinking beer will improve bone density and digestion; prevent cancer, diabetes, gallstones and dementia; and delay ageing, among other health benefits. (Rated: False, Year: 2020)
- Saint Luke's Hospital of USA says that consuming alcohol can reduce the risk of Covid-19. (Rated: Partially True, Year: 2020)
- Consuming alcoholic beverage reduces risk of COVID-19 (Rated: False, Year: 2020)","Drinking beer will improve bone density and digestion; prevent cancer, diabetes, gallstones and dementia; and delay ageing, among other health benefits. (Rated: False, Year: 2020) - Saint Luke's Hospital of USA says that consuming alcohol can reduce the risk of COVID-19. (Rated: Partially True, Year: 2020) - Consuming alcoholic beverage reduces risk of COVID-19 (Rated: False, Year: 2020)"
42,"An authentic poster for a Disney-Pixar film ""Cobain"" shows the animated version of Kurt Cobain, the late singer for the band Nirvana.",False,"- A photograph shows musician Kurt Cobain with wrestler Andre the Giant. (Rated: False, Year: 2022)
- Kurt Cobain predicted or endorsed a Donald Trump presidency in 1993. (Rated: False, Year: 2016)
- The late Kurt Cobain once argued that the nudity on the cover of the Nirvana album ""Nevermind"" could be covered with a sticker that read: ""If you're offended by this you must be a closet pedophile."" (Rated: True, Year: 2021)","An authentic poster for a Disney-Pixar film ""Cobain"" shows the animated version of Kurt Cobain, the late singer for the band Nirvana. (Rated: False, Year: 2016) The late Kurt Cobain once argued that the nudity on the cover of the Nirvana album ""Nevermind"" could be covered with a sticker that read: ""If you're offended by this you must be a closet pedophile."" (Rated: False, Year: 2016)"
43,Congress put Sonia Gandhi's image on QR code asking for donations for 2024 elections,False,"- Image Shows Rahul Gandhi, Not Quattrocchi With Sonia Gandhi (Rated: False, Year: 2021)
- After Shiv Sena, Congress and NCP formed an alliance to form government in Maharashtra, a picture is making rounds on social media in which Congress' interim President, Sonia Gandhi's portrait can be seen on Shiv Sena Bhavan. The caption with the picture in Hindi read: ""बस !!! अब यही देखना बाकी रह गया था"" ALSO (Rated: False, Year: 2019)
- Picture of Sonia Gandhi (Rated: Partially True, Year: 2022)","Congress put Sonia Gandhi's image on QR code asking for donations for 2024 elections Known verdict for this claim: False Relevant past fact-checks: - Image Shows Rahul Gandhi, Not Quattrocchi With Sonia Gandhi (Rated: False, Year: 2021) - After Shiv Sena, Congress and NCP formed an alliance to form government in Maharashtra, a picture is making rounds on social media in which Congress' interim President, Sonia Gandhi's portrait can be seen on Shiv Sena Bhavan. The caption"
44,"Singer Dua Lipa was sexually harassed in Jodhpur, India",False,"- Recently, in Uttar Pradesh, BJP leader Satish Sharma has been accused of sexual harassment. (Rated: Partially True, Year: 2022)
- Video of Hindus taking to the streets to protest against Harsha's murder in Karnataka (Rated: False, Year: 2022)
- A picture post featuring Bollywood actress Priyanka Chopra is doing rounds on social media. The post also attributes a quote to the actress where she is insulting Indian god Shiva. "" प्रियंका चोपड़ा चोपड़ा ने दिया कड़ा जवाब माथे पर नकली आंख रखने वाला शंकर भगवान अपने बेटे को नहीं पहचान सका उस धर्म के मानने (Rated: False, Year: 2019)","Singer Dua Lipa was sexually harassed in Jodhpur, India Known verdict for this claim: False Relevant past fact-checks: - Recently, in Uttar Pradesh, BJP leader Satish Sharma has been accused of sexual harassment. (Rated: False, Year: 2022) - Video of Hindus taking to the streets to protest against Harsha's murder in Karnataka (Rated: False, Year: 2022) - A picture post featuring Bollywood actress Priyanka Chopra is doing rounds on social"
45,Stage collapses after Pakistani imam's anti-Semitic slur?,Partially True,"- Muslims Being Mistreated? Clip is of Unrelated Incident in B'desh (Rated: False, Year: 2020)
- Two priests were thrashed by Bangladeshis/ Muslims. (Rated: False, Year: 2020)
- Hindu sadhu's Jatas and beard was shoved off by Muslim man in Madhya Pradesh? (Rated: False, Year: 2022)",Pakistani imam's anti-Semitic slur is a slur. Pakistani imam's anti-Semitic slur is a slur. Pakistani imam's anti-Semitic slur is a slur. Pakistani imam's anti-Semitic slur is a slur. Pakistani imam's anti-Semitic slur is a slur. Pakistani imam's anti
46,"More than 4,500 'legacy' asylum claims remain in the backlog",Partially True,"- Says about 80% to 90% of people seeking asylum do not have a valid claim. (Rated: False, Year: 2019)
- ""There's been a 1,700 percent increase in asylum claims over the last 10 years."" (Rated: Partially True, Year: 2018)
- In the U.S. asylum system, ""claims of 'fear to return' have skyrocketed, and the percentage of claims that are genuinely meritorious are down."" (Rated: Partially True, Year: 2017)","The U.S. asylum system has a backlog of 4,500 'legacy' asylum claims. The U.S. asylum system has a backlog of 4,500 'legacy' asylum claims. The U.S. asylum system has a backlog of 4,500 'legacy' asylum claims. The U.S. asylum system has a backlog of 4,500 'legacy' asylum claims. The U.S. asylum system has a backlog of 4,500 'legacy' asylum claims. The U.S. asylum system has a backlog"
47,"In late 2023, actor Jane Fonda said about the 2024 presidential elections, ""If Trump wins, I'm moving to Canada.""",Unverifiable,"- Cher ""is moving to Canada because of President Trump."" (Rated: False, Year: 2017)
- In October 2020, actress Jane Fonda said the COVID-19 coronavirus pandemic was ""God's gift to the Left."" (Rated: True, Year: 2020)
- Says Julia Roberts told Celine Dion, ""If you hate Trump you can go in your country."" (Rated: False, Year: 2018)","In late 2023, actress Jane Fonda said about the 2024 presidential elections, ""If Trump wins, I'm moving to Canada."" (Rated: False, Year: 2017) In October 2020, actress Jane Fonda said the COVID-19 coronavirus pandemic was ""God's gift to the Left."" (Rated: True, Year: 2020)"
48,Photo shows US naturalization certificate for Ukrainian President Zelensky,False,"- Image shows President of Ukraine Volodymyr Zelensky at frontline (Rated: Partially True, Year: 2022)
- Old Images of Ukraine President Zelenskyy Viral Amid Russian Attack (Rated: False, Year: 2022)
- ""The White House presented commemorative coins"" dedicated to Ukraine President Volodymyr Zelenskyy. (Rated: False, Year: 2022)",Ukrainian President Volodymyr Zelensky was granted a US naturalization certificate in 2022. The certificate states that he has been granted a visa to the United States. The certificate states that he has been granted a visa to the United States. The certificate states that he has been granted a visa to the United States. The certificate states that he has been granted a visa to the United States. The certificate states that he has been granted a visa to the United States. The certificate states that he has been granted a visa to the United States. The certificate states
49,"No, Ben Carson Is Not Hawking CBD Gummies to Treat Hypertension",False,"- Dr. Phil and other celebrities are endorsing CBD gummies. (Rated: False, Year: 2022)
- TV personalities such as Shark Tank investors, Dr. Phil and Dr. Oz endorsed CBD gummies; CBD gummies have numerous health benefits (Rated: False, Year: 2022)
- Tiger Woods endorsed his own line of CBD gummies. (Rated: False, Year: 2022)","CBD gummies have numerous health benefits. They have been endorsed by Dr. Phil, Dr. Oz, Dr. Phil, Dr. Phil, Dr. Phil, Dr. Phil, Dr. Phil, Dr. Phil, Dr. Phil, Dr. Phil, Dr. Phil, Dr. Phil, Dr. Phil, Dr. Phil, Dr. Phil, Dr. Phil, Dr. Phil, Dr. Phil, Dr. Phil, Dr. Phil, Dr. Phil, Dr. Phil, Dr. Phil, Dr. Phil, Dr. Phil, Dr. Phil, Dr. Phil, Dr. Phil,"
50,A photo authentically depicts Donald Trump and Jeffrey Epstein seated together on a private plane,False,"- This photograph showing Donald Trump and Jeffrey Epstein embracing is a fake (Rated: False, Year: 2020)
- A photo shows Donald Trump embracing Jeffrey Epstein in the back of a limousine. (Rated: False, Year: 2020)
- A photograph shows Donald and Ivanka Trump with sex offender Jeffrey Epstein. (Rated: False, Year: 2019)",Donald Trump and Jeffrey Epstein are sex offender.
51,Holding a car's key fob to your head increases the range from which the fob can lock or unlock a car.,True,"- Too many keys hanging from your keychain can prematurely wear out your car's ignition. (Rated: False, Year: 2011)
- Car headrests were deliberately designed to be removed so that they can be used to smash windows during emergencies. <BR> (Rated: Partially True, Year: 2016)
- Thieves armed with ""code grabbers"" are breaking into cars by recording signals sent by remote keyless entry devices. (Rated: False, Year: 2008)",Holding a car's key fob to your head increases the range from which the fob can lock or unlock a car.
52,Mercury in flu vaccines causes Alzheimer's and exacerbates symptoms of people who have the disease.,False,"- New Covid-19 vaccines contain levels of mercury that cause brain damage. (Rated: False, Year: 2020)
- Flu vaccines contain mercury, antifreeze, phenol, animal blood, animal viruses, formaldehyde (Rated: False, Year: 2020)
- Aluminium in vaccines can cause Alzheimer's disease. (Rated: Unverifiable, Year: 2020)",Aluminium in vaccines can cause Alzheimer's and exacerbate symptoms of people who have the disease.
53,A Palestinian prisoner seen in a video using his hands to pull himself onto a bus is a teenager who says he has two broken hands.,False,"- The video of the murder of a Palestinian youth going viral was taken from a short film. (Rated: Partially True, Year: 2022)
- 2012 Video of Palestinian Activists Arrest Shared as Recent Clip (Rated: Partially True, Year: 2021)
- Video shows Israeli soldiers detaining Palestinian child in Gaza in 2021 (Rated: Partially True, Year: 2021)","A Palestinian prisoner seen in a video using his hands to pull himself onto a bus is a teenager who says he has two broken hands. The video of the murder of a Palestinian youth going viral was taken from a short film. (Rated: Partially True, Year: 2022) - 2012 Video of Palestinian Activists Arrest Shared as Recent Clip (Rated: Partially True, Year: 2021) - Video shows Israeli soldiers detaining Palestinian child in Gaza in 2021 (Rated: Partially True, Year: 20"
54,GUIDE: Vetting claims about legislation in South Africa,False,"- Fact-checking claims about service delivery in South Africa since 1994 (Rated: False, Year: 2020)
- Explaining proposed amendments to South Africa's health law (Rated: False, Year: 2022)
- GUIDE: Getting to grips with South Africa's Promotion of Access to Information Act (Rated: Partially True, Year: 2014)",You are a fact-checking assistant. You are a fact-checking assistant. You are a fact-checking assistant. You are a fact-checking assistant. You are a fact-checking assistant. You are a fact-checking assistant. You are a fact-checking assistant. You are a fact-checking assistant. You are a fact-checking assistant. You are a fact-checking assistant. You are a fact-checking assistant. You are a fact-checking assistant. You are a fact-check
55,Footage shows Yemen capturing an Israeli submarine passing through the Red Sea after being warned not to use the trade waterway.,False,"- Video shows boats in the Suez Canal after it was blocked by a container (Rated: False, Year: 2021)
- Pakistan claims to have blocked Indian navy submarine by uses old footage (Rated: Partially True, Year: 2021)
- A photograph shows a U.S. Navy submarine from World War II that had been missing for decades. (Rated: Partially True, Year: 2021)","Footage shows Yemen capturing an Israeli submarine passing through the Red Sea after being warned not to use the trade waterway. Known verdict for this claim: False. Relevant past fact-checks: - Video shows boats in the Suez Canal after it was blocked by a container (Rated: False, Year: 2021) - A photograph shows a U.S. Navy submarine from World War II that had been missing for decades. (Rated: Partially True, Year: 2021)"
56,Dr. Ben Carson endorsed CBD gummies to treat high blood pressure.,False,"- TV personalities such as Shark Tank investors, Dr. Phil and Dr. Oz endorsed CBD gummies; CBD gummies have numerous health benefits (Rated: False, Year: 2022)
- Dr. Phil and other celebrities are endorsing CBD gummies. (Rated: False, Year: 2022)
- CBD gummies will cure chronic obstructive pulmonary disease (Rated: False, Year: 2022)","Dr. Ben Carson endorsed CBD gummies to treat high blood pressure. (Rated: False, Year: 2022) Dr. Phil and other celebrities are endorsing CBD gummies. (Rated: False, Year: 2022) Dr. Phil and other celebrities are endorsing CBD gummies. (Rated: False, Year: 2022) Dr. Phil and other celebrities are endorsing CBD gummies. (Rated: False, Year: 2022) Dr. Phil and other celebrities are endorsing"
57,"Elon Musk developed ""Cosmo Heater,"" a product that would cut heating costs ""to basically $0.""",False,"- Tesla CEO Elon Musk offered $17 and a coupon for a free appetizer at Applebee's to buy the ""The View"" talk show. (Rated: False, Year: 2022)
- Elon Musk could have given everyone in America $1 million instead of purchasing Twitter for about $40 billion. (Rated: False, Year: 2022)
- Apple CEO Tim Cook tweeted ""now pay 30%"" in reply to Elon Musk (Rated: False, Year: 2022)","Elon Musk's ""Cosmo Heater"" is a product that would cut heating costs ""to basically $0."""
58,The asylum backlog has been cleared.,Partially True,"- In the U.S. asylum system, ""claims of 'fear to return' have skyrocketed, and the percentage of claims that are genuinely meritorious are down."" (Rated: Partially True, Year: 2017)
- ""Only about 20%"" of people who apply for asylum qualify for it. (Rated: False, Year: 2022)
- Says about 80% to 90% of people seeking asylum do not have a valid claim. (Rated: False, Year: 2019)",Asylum backlog has been cleared.
59,"Blogger Sass Sasot's claim that Sagittarius Mines Inc. , developer of the controversial Tampakan project, the largest undeveloped copper and gold",False,"- Blogger Sass Rogando Sasot, a vocal supporter of President Rodrigo Duterte, made at least seven inaccurate claims about the West Philippine Sea issue as tensions in the region rise with the continued unauthorized presence of Chinese vessels in the Philippines' maritime areas. (Rated: False, Year: 2021)
- A Facebook video claims that the Bangko Sentral ng Pilipinas has in storage tons of gold owned by the late President Ferdinand Marcos, Sr. This is a myth. (Rated: False, Year: 2022)
- COMMENT: Digging deep to investigate the mining industry (Rated: Other, Year: 2014)","Sagittarius Mines Inc. , developer of the controversial Tampakan project, the largest undeveloped copper and gold project in the Philippines. This is a myth. In 2-3 sentences, explain why the verdict is correct, using the evidence above. Do not invent new facts; just summarise the reasoning."
60,"A photo authentically depicts Donald Trump with two of his children, Ivanka and Eric, alongside Jeffrey Epstein in 1993.",True,"- A photograph shows Eric and Donald Trump Jr., sons of President Donald Trump. (Rated: False, Year: 2017)
- A photograph shows Donald and Ivanka Trump with sex offender Jeffrey Epstein. (Rated: False, Year: 2019)
- A photo shows Donald Trump Jr. and Eric Trump. (Rated: False, Year: 2020)",Donald Trump and Ivanka Trump are the sons of President Donald Trump.
61,Pakistan mobile payments service easypaisa to shut down,False,"- A genuine notice from Pakistan Telecommunication Authority which says mobile services from Telenor will be discontinued in Pakistan from December 2019 (Rated: False, Year: 2019)
- State Bank of Pakistan has restricted ATM cash withdrawals to 1,000 PKR until January 31, 2021 (Rated: False, Year: 2021)
- Pakistan government omits quotation from bank note (Rated: False, Year: 2022)","Mobile payments service easypaisa will be shut down in Pakistan from December 2019 (Rated: False, Year: 2019) State Bank of Pakistan has restricted ATM cash withdrawals to 1,000 PKR until January 31, 2021 (Rated: False, Year: 2021) State Bank of Pakistan has restricted ATM cash withdrawals to 1,000 PKR until January 31, 2021 (Rated: False, Year: 2021) State Bank of Pakistan has restricted ATM cash withdrawals to 1,000 PKR until January 31, 2021 (Rated: False, Year: 2021)"
62,Newly elected CM of an Indian state warning Muslims,False,"- A newspaper clipping shows a survey that Bahujan Samaj Party chief Mayawati is leading the race for CM in Uttar Pradesh (Rated: Partially True, Year: 2022)
- Punjab CM Charanjit Singh Channi converts to Christianity? (Rated: False, Year: 2021)
- A post is going viral on social media claiming that the Aam Aadmi Party has released the candidate list for the upcoming Delhi Assembly elections. In the viral image, candidate names for 27 constituencies are visible out of which 22 are Muslims candidates. "" दिल्ली के #हिंदू___मतदाताओं जागो ऑल इंडिया मुस्लिम पर्सनल लॉ बोर्ड की नहीं बल्कि #आम___आदमी_पार्टी (Rated: False, Year: 2020)",                                                               
63,Footage shows damage from tsunami caused by 2024 earthquake in Japan.,False,"- Video shows tsunami caused by a powerful earthquake in the Philippines. (Rated: False, Year: 2022)
- Photos shows recent scenes after a powerful earthquake hit Japan. (Rated: Partially True, Year: 2022)
- 2011 Clip of Tsunami in Japan Falsely Shared as Video From China (Rated: Partially True, Year: 2021)","Footage shows damage from tsunami caused by 2024 earthquake in Japan. (Rated: False, Year: 2022) - Photos shows recent scenes after a powerful earthquake hit Japan. (Rated: Partially True, Year: 2022) - 2011 Clip of Tsunami in Japan Falsely Shared as Video From China (Rated: Partially True, Year: 2021)"
64,Altered Video of Greta Thunberg Advocating 'Vegan Grenades in Wars' Goes Viral,False,"- A video shows teenage environmental activist Greta Thunberg shooting a gun. (Rated: False, Year: 2019)
- This video shows Greta Thunberg shooting a gun (Rated: False, Year: 2019)
- Video shows Greta Thunberg denied Climate crisis (Rated: False, Year: 2021)","Video of Greta Thunberg shooting a gun. (Rated: False, Year: 2019) This video shows Greta Thunberg shooting a gun (Rated: False, Year: 2019) Video shows Greta Thunberg denied Climate crisis (Rated: False, Year: 2021) In 2-3 sentences, explain why the verdict is correct, using the evidence above. Do not invent new facts; just summarise the reasoning."
65,Homemade herbal tooth powder ensure teeth-whitening,Partially True,"- baking soda and lemon helps teeth whitening. (Rated: False, Year: 2022)
- Herbal teeth whitening foam strengthens gums (Rated: Partially True, Year: 2022)
- Lemon and baking soda can act as an effective teeth whitener (Rated: Partially True, Year: 2022)","Lemon and baking soda can act as an effective teeth whitener (Rated: Partially True, Year: 2022)."
66,"Visuals showing a recent bomb blast in which Maulana Masood Azhar, the Chief of Jaish-e-Mohammad, was reportedly killed.",False,"- Pakistan Army Chief: ""Masood Azhar is not dead, he is alive in our hearts"". (Rated: False, Year: 2019)
- Photos show the aftermath of a bombing at an Islamic seminary in the Pakistani city of Peshawar in October 2020 (Rated: False, Year: 2020)
- Image of slain Islamic State leader Abu Ibrahim al-Hashimi al-Qurayshi. (Rated: Partially True, Year: 2022)",Maulana Masood Azhar is the Chief of Jaish-e-Mohammad.
67,"These videos from Japan show the effects of earthquakes and tsunamis that hit the country on January 1, 2024.",False,"- Video shows tsunami caused by a powerful earthquake in the Philippines. (Rated: False, Year: 2022)
- Video shows January 2022 earthquake in Indonesia's Banten province (Rated: False, Year: 2022)
- Video shows footage of the tsunami that hit Tonga on January 15. (Rated: False, Year: 2022)","These videos from Japan show the effects of earthquakes and tsunamis that hit the country on January 1, 2024. Known verdict for this claim: False. Related past fact-checks: - Video shows tsunami caused by a powerful earthquake in the Philippines. (Rated: False, Year: 2022) - Video shows footage of the tsunami that hit Tonga on January 15. (Rated: False, Year: 2022)"
68,2019 Image Falsely Shared with Recent News of Ship Attacked in Red Sea,Partially True,"- Image of newspaper showing Trump bombing South China Sea (Rated: False, Year: 2020)
- Photo of US submarine after collision in 2021 (Rated: False, Year: 2021)
- Picture of Israeli Owned Ship Hit By A Missile (Rated: Partially True, Year: 2021)","Image of newspaper showing Trump bombing South China Sea (Rated: False, Year: 2020) Image of US submarine after collision in 2021 (Rated: False, Year: 2021) Image of Israeli Owned Ship Hit By A Missile (Rated: False, Year: 2021) Image of Israeli Owned Ship Hit By A Missile (Rated: False, Year: 2021) Image of US submarine after collision in 2021 (Rated: False, Year: 2021) Image of Israeli Owned Ship Hit By A Miss"
69,Dinosaurs are a hoax invented to validate Darwin's theory of evolution.,False,"- Did Sam Clovis called scientists ""dumb"" and claimed that dinosaurs never existed. (Rated: False, Year: 2017)
- Researchers in North Carolina have created ""the first fully living dinosaur embryo in millions of years"" using DNA from chicken skin. (Rated: False, Year: 2016)
- Scientists at a British university have successfully cloned a dinosaur from preserved fossils (Rated: False, Year: 2014)",Dinosaurs are a hoax invented to validate Darwin's theory of evolution. Dinosaurs are a hoax invented to validate Darwin's theory of evolution.
70,"Old, Unrelated Video of Nurse Saving Children Peddled as Recent One From Japan",False,"- Old Video From Japan Shared as Visuals From 'Tokyo Olympics Closing Ceremony' (Rated: False, Year: 2021)
- Viral video of woman cradling her child on the train couplings is from India (Rated: False, Year: 2020)
- Video of Japanese school children getting emotional while watching the videos of their parents' hard work at their workplace. (Rated: False, Year: 2022)",You are a fact-checking assistant. You are a fact-checking assistant. You are a fact-checking assistant. You are a fact-checking assistant. You are a fact-checking assistant. You are a fact-checking assistant. You are a fact-checking assistant. You are a fact-checking assistant. You are a fact-checking assistant. You are a fact-checking assistant. You are a fact-checking assistant. You are a fact-checking assistant. You are a fact-check
71,Video shows Rajasthan CM Bhajan Lal Sharma losing his balance while playing cricket.,False,"- Video shows Congress leader Rahul Gandhi saying he's against India's infratructure (Rated: Partially True, Year: 2022)
- Video of Prime Minister Narendra Modi playing cricket. (Rated: False, Year: 2022)
- Video shows Prime Minister Narendra Modi playing cricket (Rated: False, Year: 2022)","Video shows Bhajan Lal Sharma losing his balance while playing cricket. (Rated: False, Year: 2022) Video shows Prime Minister Narendra Modi playing cricket. (Rated: False, Year: 2022)"
72,ear candling technique safely remove ear wax,False,"- you can put Vicks in your ear to reduce pain (Rated: False, Year: 2022)
- Vicks VapoRub relieves earache. (Rated: False, Year: 2022)
- inserting garlic clove helps remove pain in the ear (Rated: Partially True, Year: 2021)","You can put Vicks in your ear to reduce pain. (Rated: False, Year: 2022) Inserting garlic clove helps remove pain in the ear (Rated: Partially True, Year: 2021)"
73,Unrelated Video From Faridabad Falsely Shared as Dalit Boy Beaten at Ram Temple,False,"- Video From Bihar Wrongly Linked to Dalit Boy's Death in Rajasthan (Rated: Partially True, Year: 2022)
- Old Video Shared With False Claim About Abuse of Dalit Man in Rajasthan (Rated: False, Year: 2022)
- Video of a Dalit man beaten in Uttar Pradesh. (Rated: False, Year: 2022)","Video of a Dalit man beaten in Uttar Pradesh. (Rated: False, Year: 2022) Video of a Dalit man beaten in Uttar Pradesh. (Rated: False, Year: 2022) Video of a Dalit man beaten in Uttar Pradesh. (Rated: False, Year: 2022) Video of a Dalit man beaten in Uttar Pradesh. (Rated: False, Year: 2022) Video of a Dalit man beaten in Uttar Pradesh. (Rated: False, Year:"
74,"Video shows damage caused by an earthquake in Japan on January 1, 2024",False,"- Video shows earthquake in Shanghai in January 2021 (Rated: False, Year: 2021)
- Video shows January 2022 earthquake in Indonesia's Banten province (Rated: False, Year: 2022)
- Video of the recent earthquake in china (Rated: Partially True, Year: 2022)","Video shows damage caused by an earthquake in Japan on January 1, 2024. Video shows damage caused by an earthquake in Shanghai in January 2021 (Rated: False, Year: 2021) - Video of the recent earthquake in China (Rated: Partially True, Year: 2022) - Video of the recent earthquake in China (Rated: Partially True, Year: 2022) - Video of the recent earthquake in China (Rated: Partially True, Year: 2022) - Video of the recent earthquake in China (Rated: False,"
75,Cambridge Scientists Admit 25% of Vaccinated People Now Have VAIDS,False,"- ""60% of patients admitted to the hospital in the UK have been fully vaccinated"" (Rated: False, Year: 2021)
- In the United Kingdom, ""70-plus percent of the people who die now from COVID are fully vaccinated."" (Rated: False, Year: 2021)
- Vaccine effectiveness has fallen from 100% to 20%; the early reported vaccine effectiveness figures were lies (Rated: Partially True, Year: 2022)","Vaccine effectiveness has fallen from 100% to 20%; the early reported vaccine effectiveness figures were lies (Rated: Partially True, Year: 2022)."
76,Video shows tsunami hitting in Japan on the first day of 2024.,False,"- Video shows footage of the tsunami that hit Tonga on January 15. (Rated: False, Year: 2022)
- Video shows tsunami waves hitting Tonga? (Rated: False, Year: 2022)
- Video shows tsunami caused by a powerful earthquake in the Philippines. (Rated: False, Year: 2022)",Video shows tsunami hitting Japan on the first day of 2024. Video shows tsunami waves hitting Tonga on January 15. Video shows tsunami caused by a powerful earthquake in the Philippines. Video shows tsunami caused by a powerful earthquake in the Philippines. Video shows tsunami caused by a powerful earthquake in the Philippines. Video shows tsunami caused by a powerful earthquake in the Philippines. Video shows tsunami caused by a powerful earthquake in the Philippines. Video shows tsunami caused by a powerful earthquake in the Philippines. Video shows tsunami caused by a powerful earthquake in the Philippines. Video shows tsunami caused by a powerful earthquake in the Philippines
77,Video shows impact of New Year quake in Japan in 2024,False,"- Video shows earthquake in Shanghai in January 2021 (Rated: False, Year: 2021)
- Photos shows recent scenes after a powerful earthquake hit Japan. (Rated: Partially True, Year: 2022)
- Media Outlets Pass Off an Old Image as Powerful Earthquake in Japan (Rated: Partially True, Year: 2022)","Video shows earthquake in Shanghai in January 2021 (Rated: False, Year: 2021) Photos shows recent scenes after a powerful earthquake hit Japan. (Rated: Partially True, Year: 2022) In 2-3 sentences, explain why the verdict is correct, using the evidence above. Do not invent new facts; just summarise the reasoning."
78,This video shows the US Navy destroying Houthi militants' boats in the Red Sea.,Partially True,"- Video of US military shooting pirates (Rated: False, Year: 2019)
- Video shows a Russian ship being hit by missiles amid the ongoing war in Ukraine. (Rated: Partially True, Year: 2022)
- Videos sharing the visuals of Israel air defence system destroying Palestinian missiles. (Rated: False, Year: 2021)",This video shows the US Navy destroying Houthi militants' boats in the Red Sea. This video shows the US Navy destroying Houthi militants' boats in the Red Sea. This video shows the US Navy destroying Houthi militants' boats in the Red Sea. This video shows the US Navy destroying Houthi militants' boats in the Red Sea. This video shows the US Navy destroying Houthi militants' boats in the Red Sea. This video shows the US Navy destroying Houthi militants' boats in the Red Sea. This video shows the US Navy 
79,Image of QR code of Congress' 'Donate for Country' campaign,False,"- Image of an envelope with cash and Samajwadi Party symbol being used to bribe voters with cash ahead of the 2022 UP elections. (Rated: Partially True, Year: 2022)
- Photo shows a gravestone in Japan with a QR code. (Rated: False, Year: 2021)
- Image shows a Left activist holding a placard with ""e are ready to strip saree and cloth; yet we would not provide our documents, No NRC/CAA/NPR"" written on it (Rated: False, Year: 2021)",Image of QR code of Congress' 'Donate for Country' campaign.
80,Video of Nirmala Sitharaman Stating Partnership With Quantum Trade Is a Deepfake,False,"- Congress tweets photo of Nirmala Sitharaman buying onions (Rated: Partially True, Year: 2022)
- The video shows a recent speech by Nupur Sharma (Rated: Partially True, Year: 2022)
- Edited picture of Union Finance Minister Nirmala Sitharaman goes viral on social media (Rated: False, Year: 2022)","Video of Nirmala Sitharaman Stating Partnership With Quantum Trade Is a Deepfake Known verdict for this claim: False Relevant past fact-checks: - Congress tweets photo of Nirmala Sitharaman buying onions (Rated: Partially True, Year: 2022) - The video shows a recent speech by Nupur Sharma (Rated: Partially True, Year: 2022) - Edited picture of Union Finance Minister Nirmala Sitharaman goes viral on social media (Rated"
81,"Photo shows man swept away by tsunami in Japan on January 1, 2024",False,"- Images show aftermath of Tonga eruption and tsunami in January 2022 (Rated: Partially True, Year: 2022)
- Video shows footage of the tsunami that hit Tonga on January 15. (Rated: False, Year: 2022)
- A picture shows a massive tsunami headed for a crowded beach. (Rated: False, Year: 2021)","A photo shows a man swept away by a tsunami in Japan on January 1, 2024. A picture shows a massive tsunami headed for a crowded beach. A picture shows a massive tsunami headed for a crowded beach. A picture shows a massive tsunami headed for a crowded beach. A picture shows a massive tsunami headed for a crowded beach. A picture shows a massive tsunami headed for a crowded beach. A picture shows a massive tsunami headed for a crowded beach. A picture shows a massive tsunami headed for a crowded beach. A"
82,"Lemon and coconut oil, prevent hair greying permanently.",False,"- onion juice can reverse greying of hair (Rated: False, Year: 2021)
- Putting oil through the nose can impact greying of hair (Rated: Partially True, Year: 2022)
- Tomatoes and coffee turns grey hair into black permanently (Rated: False, Year: 2022)",Lemon juice and coconut oil can reverse greying of hair permanently. The sentence is false because the sentence is false. The sentence is false because lemon juice and coconut oil can reverse greying of hair permanently. The sentence is false because lemon juice and coconut oil can reverse greying of hair permanently. The sentence is false because lemon juice and coconut oil can reverse greying of hair permanently. The sentence is false because lemon juice and coconut oil can reverse greying of hair permanently. The sentence is false because lemon juice and coconut oil can reverse greying of hair permanently. The sentence is false because lemon juice and coconut oil can reverse greying
83,"""RIA Road Completing Stage""",Partially True,"- An image of a road is going viral on social media claiming that the ""emergency road was constructed in Japan within 24 hrs so as to maintain the flow of traffic after the main one was being covered by a landslide"". ALSO READ: No, the woman in the video performing Dhunuchi dance is not… (Rated: False, Year: 2019)
- This video shows a congested road in Rawalpindi, Pakistan, caused by Imran Khan's Haqeeqi Azadi March Jalsa on November 26. (Rated: False, Year: 2022)
- Construction of the east-west highway will be completed before 2020 (Rated: False, Year: 2018)","Construction of the east-west highway will be completed before 2020 (Rated: False, Year: 2018)."
84,Photo shows Koforidua Stadium in Ghana,False,"- Photos show flooded stadium in Nigeria's Oyo state (Rated: False, Year: 2021)
- Newly upgraded stadium in Nigeria's Oyo state under water? No, photos of UK's Hillsborough stadium in 2007 (Rated: False, Year: 2021)
- Viral image of President Kovind inauguration ceremony of Narendra Modi Stadium (Rated: False, Year: 2021)",You are a fact-checking assistant. You are a fact-checking assistant. You are a fact-checking assistant. You are a fact-checking assistant. You are a fact-checking assistant. You are a fact-checking assistant. You are a fact-checking assistant. You are a fact-checking assistant. You are a fact-checking assistant. You are a fact-checking assistant. You are a fact-checking assistant. You are a fact-checking assistant. You are a fact-check
85,"No, BHEL Tiruchirappalli Did Not Make These Bells for Ayodhya's Ram Temple",False,"- Design of the Ram temple to be constructed in Ayodhya. (Rated: False, Year: 2020)
- This sketch of a temple with golden domes and water bodies is the design of Ram temple at Ayodhya (Rated: Partially True, Year: 2020)
- First photo of Ram temple being constructed in India's Ayodhya (Rated: False, Year: 2020)",BHEL Tiruchirappalli did not make these bells for Ayodhya's Ram temple.
86,"An alleged letter circulating on social media, attributed to the Rashtriya Swayamsevak Sangh , suggests a conspiracy involving the RSS in enticing Muslim women to convert to Hinduism. The purported letter advises Hindu men on tactics to gain the trust of Muslim girls, establish a relationship, and eventually compel them to embrace Hinduism. According to",Partially True,"- See how these Muslim men lure juvenile Hindu girls in the name of love jihad (Rated: False, Year: 2021)
- A lady constable speaks about the ""Love Jihad"" conspiracy and how Hindu women are lured into marriage by Muslim men. (Rated: False, Year: 2022)
- A picture post has been making rounds on social media. It states that RSS is supporting terrorists in Kashmir to spread hatred against Muslims. The post read: ""पकड़े गए ज़िंदा कश्मीरी आतंकी ने पूछताछ के दौरान कहा कि आरएसएस हमें हथियार और पैसा मुहैया कराती है और हिंदुओं को मारने के लिए कहती है ताकि (Rated: False, Year: 2019)","An alleged letter circulating on social media, attributed to the Rashtriya Swayamsevak Sangh , suggests a conspiracy involving the RSS in enticing Muslim women to convert to Hinduism. The purported letter advises Hindu men on tactics to gain the trust of Muslim girls, establish a relationship, and eventually compel them to embrace Hinduism. According to Known verdict for this claim: Partially True"
87,Giraffes have the same number of neck bones as humans.,True,"- Image showing two giraffes up on a tree (Rated: False, Year: 2022)
- A photograph captures an unusually short, stocky giraffe. (Rated: False, Year: 2018)
- White giraffes? Yes, this rare type lives in a conservancy in north-eastern Kenya (Rated: True, Year: 2018)",Giraffes have the same number of neck bones as humans.
88,Is inflation up 17% since President Joe Biden took office?,False,"- Joe Biden ""inherited inflation of 1.7%. Now we're well over 8% and growing."" (Rated: Partially True, Year: 2022)
- On Aug. 10, 2022, U.S. President Joe Biden stated that the rate of inflation in July 2022 was ""zero percent."" (Rated: Partially True, Year: 2022)
- ""Inflation has gone up every month of the Biden presidency and just hit another 40-year high."" (Rated: Partially True, Year: 2022)",Inflation has gone up every month of the Biden presidency and just hit another 40-year high. Inflation has gone up every month of the Biden presidency and just hit another 40-year high. Inflation has gone up every month of the Biden presidency and just hit another 40-year high. Inflation has gone up every month of the Biden presidency and just hit another 40-year high. Inflation has gone up every month of the Biden presidency and just hit another 40-year high. Inflation has gone up every month of the Biden presidency and just hit another
89,"A video shows a massive wave from the January 1, 2024 Japan earthquake",False,"- The video shows how a ship crashed into a giant wave that was the result of the massive earthquake that hit Cianjur, Indonesia, on November 21. (Rated: False, Year: 2022)
- Video shows tsunami caused by a powerful earthquake in the Philippines. (Rated: False, Year: 2022)
- Video shows earthquake in Shanghai in January 2021 (Rated: False, Year: 2021)","A video shows how a ship crashed into a giant wave that was the result of the massive earthquake that hit Cianjur, Indonesia, on November 21. The video shows how a ship crashed into a giant wave that was the result of the massive earthquake that hit Cianjur, Indonesia, on November 21. The video shows how a ship crashed into a giant wave that was the result of the massive earthquake that hit Cianjur, Indonesia, on November 21. The video shows how a ship crashed into a giant wave that was the result of the massive earthquake that hit Cianjur, Indonesia"
90,"As of December 2023, Disney World is now rapid drug testing all guests over the age of nine.",False,"- Disney World is lobbying to lower the drinking age on its Florida property to 18. (Rated: False, Year: 2022)
- Australia forces everyone to get at least 1 dose before Christmas in 2021? (Rated: Partially True, Year: 2021)
- World Health Organization has reclassified 65-year-olds as youth (Rated: False, Year: 2022)","As of December 2023, Disney World is now rapid drug testing all guests over the age of nine. Disney World is lobbying to lower the drinking age on its Florida property to 18. Disney World is lobbying to lower the drinking age on its Florida property to 18. Disney World is lobbying to lower the drinking age on its Florida property to 18. Disney World is lobbying to lower the drinking age on its Florida property to 18. Disney World is lobbying to lower the drinking age on its Florida property to 18. Disney World is lobbying to lower the drinking age on its Florida property to 18. Disney World is lobbying to lower the drinking age"
91,Swimmer Lia Thomas was fired from her job as a high school coach after two weeks when half of the team quit.,False,"- Virginia Tech swimmer tweeted about Lia Thomas (Rated: False, Year: 2022)
- Swimmer Reka Gyorgy was suspended from Twitter for criticizing Lia Thomas. (Rated: False, Year: 2022)
- In January 2022, California substitute teacher Bridget Maas was fired or faced censure because she refused to accept a student's expressing their feline alter ego. (Rated: Unverifiable, Year: 2022)","Lia Thomas was fired from her job as a high school coach after two weeks when half of the team quit. (Rated: False, Year: 2022) In January 2022, California substitute teacher Bridget Maas was fired or faced censure because she refused to accept a student's expressing their feline alter ego. (Rated: Unverifiable, Year: 2022)"
92,"A part four to ""The NeverEnding Story"" film franchise is set to release in 2024.",False,"- The film sequel ""Scream 5"" is expected to be released in 2022. (Rated: True, Year: 2021)
- ""F9,"" the final film in ""The Fast and the Furious"" franchise, is set to be released on June 25, 2021. (Rated: Partially True, Year: 2021)
- In August 2021, Netflix announced that the fourth season of ""Stranger Things"" would be released in 2022. (Rated: True, Year: 2021)","A part four to ""The NeverEnding Story"" film franchise is set to release in 2024. (Rated: True, Year: 2021)"
93,"A video shared online in January 2024 accurately showed former U.S. President Bill Clinton greeting medical workers outside of a hospital in an attempt to distract the news media from his connections to the late Jeffrey Epstein, a convicted sex offender.",False,"- A photograph shows U.S. President Bill Clinton with billionaire/financier and convicted sex offender Jeffrey Epstein. (Rated: True, Year: 2019)
- U.S. President Bill Clinton was photographed with Jeffrey Epstein and Ghislaine Maxwell at the White House during his time as commander in chief. (Rated: True, Year: 2022)
- A photograph shows a young Bill Clinton meeting President John F. Kennedy. (Rated: True, Year: 2022)","A video shared online in January 2024 accurately showed former U.S. President Bill Clinton greeting medical workers outside of a hospital in an attempt to distract the news media from his connections to the late Jeffrey Epstein, a convicted sex offender."
94,"Michael Jordan, Sylvester Stallone turned down deals with Nike, Bud Light",False,"- Says ""Michael Jordan resigns from the board at Nike-takes 'Air Jordans' with him."" (Rated: False, Year: 2018)
- Michael Jordan will drop the price of all Air Jordan shoes to $19.99 in 2017. (Rated: False, Year: 2016)
- Michael Jordan resigned from the board at Nike and took his Air Jordan line of apparel with him. (Rated: False, Year: 2018)","Michael Jordan will drop the price of all Air Jordan shoes to $19.99 in 2017. (Rated: False, Year: 2016) - Michael Jordan resigned from the board at Nike and took his Air Jordan line of apparel with him. (Rated: False, Year: 2018) - Michael Jordan will drop the price of all Air Jordan shoes to $19.99 in 2017. (Rated: False, Year: 2016) - Michael Jordan will drop the price of all Air Jordan shoes to $19.99 in 2017. (Rated: False, Year: 2016) - Michael Jordan"
95,A video shows North Korean leader Kim Jong Un and Russian President Vladimir Putin toasting each other then placing their drinks on the table without consuming them.,False,"- Video shows Russian President Vladimir Putin meeting with South Korea's president. (Rated: False, Year: 2022)
- Video of a North Korean leader Kim Jong-un leading a 'corrupt' Korean politician to be swallowed up by the ground (Rated: False, Year: 2019)
- A video is making rounds on social media with shocking claims which involve North Korean leader Kim Jong Un walking a person into an automated cavity in the ground with the claim, 'North Korea president giving death punishment to one of his corrupt officer in presence of media..'. North Korea president giving death punishment to (Rated: False, Year: 2018)","A video shows Kim Jong Un and Russian President Vladimir Putin toasting each other then placing their drinks on the table without consuming them. A video is making rounds on social media with shocking claims which involve North Korean leader Kim Jong Un walking a person into an automated cavity in the ground with the claim, 'North Korea president giving death punishment to one of his corrupt officer in presence of media'. North Korea president giving death punishment to (Rated: False, Year: 2018)"
96,T-Mobile will fine you for certain topics in private text messages,False,"- President Trump has the right and the means to send unblockable text mesage to all American cellular phones. (Rated: False, Year: 2016)
- ""The government will be infiltrating"" personal text messages. (Rated: False, Year: 2021)
- ""Good Morning"" messages can hack private information (Rated: Partially True, Year: 2020)","T-Mobile has the right and the means to send unblockable text mesage to all American cellular phones. (Rated: False, Year: 2016)"
97,"T-Mobile plans to fine its customers up to $3,500 for text messages it doesn't like.",False,"- Verizon Wireless will donate $1 towards the care of Bruce Delburg, a infant suffering from lung cancer, every time a text message is sent to seven people (Rated: False, Year: 2008)
- Good morning messages are going to be charged 18% GST. (Rated: False, Year: 2021)
- Twitter to start charging $20 per month for verification. (Rated: Partially True, Year: 2022)","T-Mobile plans to fine its customers up to $3,500 for text messages it doesn't like. Known verdict for this claim: False. Relevant past fact-checks: - Verizon Wireless will donate $1 towards the care of Bruce Delburg, a infant suffering from lung cancer, every time a text message is sent to seven people (Rated: False, Year: 2008) - Good morning messages are going to be charged 18% GST. (Rated: False, Year: 2021) - Twitter to start charging $20 per month for verification. ("
98,Tata Group chairman Ratan Tata provided the Indian Army with bullet-proof and bomb-proof buses,Partially True,"- Claim:Ratan Tata: ""In a country, if Prime Minister's popularity increases due to the death of 65 soldiers, then nobody can save that country from getting destroyed"" (Rated: False, Year: 2019)
- Ratan Tata has pledged his entire wealth to rid India of COVID19 (Rated: False, Year: 2021)
- Viral photo allegedly shows Ratan Tata with Captain Jehan Dastur on Air India's first flight since Tata takeover on January 29, 2022. (Rated: Partially True, Year: 2022)","Ratan Tata has pledged his entire wealth to rid India of COVID19 (Rated: False, Year: 2021) - Viral photo allegedly shows Ratan Tata with Captain Jehan Dastur on Air India's first flight since Tata takeover on January 29, 2022. (Rated: False, Year: 2022) In 2-3 sentences, explain why the verdict is correct, using the evidence above. Do not invent new facts; just summarise the reasoning."
99,"Donald Trump ""deported less, believe it or not, than Barack Obama even did.""",True,"- Says Barack Obama ""has deported more people than any other president in this country's history."" (Rated: Partially True, Year: 2012)
- ""The actual deportations from the interior of the country are way down"" under President Obama. (Rated: True, Year: 2015)
- ""22 times Barack Obama said he did not have the authority to implement this type of"" anti-deportation ""measure. And then the day after he signed this into law, he said, quote, 'I just changed the law. (Rated: Partially True, Year: 2015)","Donald Trump ""deported more people than any other president in this country's history."" (Rated: Partially True, Year: 2012) ""The actual deportations from the interior of the country are way down"" under President Obama. (Rated: True, Year: 2015) ""22 times Barack Obama said he did not have the authority to implement this type of"" anti-deportation ""measure. And then the day after he signed this into law, he said, quote, 'I just changed the law. (Rated: Partially True, Year: 2015)"
